Category;Subcategory;Technologies name;Technologies param;c_inv;c_maint;gwp_constr;lifetime;c_p;fmin_perc;fmax_perc;f_min;f_max;Comment
;;Name (simplified);Name (in model and documents);[Meuro/GW] [Meuro/GWh] [Meuro/(Mkmpass/h)] [Meuro/(Mtonkm/h)];[Meuro/GW] [Meuro/GWh] [Meuro/(Mkmpass/h)] [Meuro/(Mtonkm/h)];[ktonCO2_eq/GW] [ktonCO2_eq/GWh] [ktonCO2_eq/(Mkmpass/h)] [ktonCO2_eq/(Mtonkm/h)];[years];[];[];[];[GW];[GW];
Electricity;Electricity;Nuclear;NUCLEAR;4845.734619;102.930986;707.88;60;0.843906;0;1;0;0;
Electricity;Electricity;Nuclear;NUCLEAR_SMR;4845.734619;102.930986;707.88;60;0.843906;0;1;0;0;
Electricity;Electricity;Amonia combined cycle gas turbine;CCGT_AMMONIA;1217.490356;18.26220742;183.79;30;0.59;0;1;0;0;
Electricity;Electricity;Ultra-supercritical coal power plant;COAL_US;2516.71;30.0225445;331.6;35;0.865396;0;1;0;0;
Electricity;Electricity;Intagrated gasification combined cycle with coal;COAL_IGCC;3245.81;49.47283735;331.6;35;0.853432;0;1;0;0;
Electricity;Electricity;Biomass power plant;BIOMASS_TO_POWER;1677.0152;69.9431;331.6;35;0.868;0;1;0;0;
Electricity;Electricity;Photovoltaic rooftop;PV_ROOFTOP;737.8867059;9.726688396;2081.43;30;1;0;1;0;0;
Electricity;Electricity;Photovoltaic utility scale;PV_UTILITY;882.2095856;23.95327618;2081.43;30;1;0;1;0;0;
Electricity;Electricity;Parabolic trough collectors;PT_COLLECTOR;4504.71429;62.65;0;25;1;0;1;0;0;
Electricity;Electricity;Solar tower collectors;ST_COLLECTOR;5517.02;63;0;25;1;0;1;0;0;
Electricity;Electricity;Parabolic trough power block;PT_POWER_BLOCK;1044.57;62.65;0;25;1;0;1;0;0;
Electricity;Electricity;Solar tower power block;ST_POWER_BLOCK;768.19;63;0;25;1;0;1;0;0;
Electricity;Electricity;Wind onshore;WIND_ONSHORE;1518.10545;23.38311669;622.85;30;1;0;1;0;0;
Electricity;Electricity;Wind offshore;WIND_OFFSHORE;4974.63;36.31492615;622.85;30;1;0;1;0;0;
Electricity;Electricity;Hydro dam;HYDRO_DAM;2206.3;22.063;1262.82;100;1;0;1;0;0;
Electricity;Electricity;Hydro river;HYDRO_RIVER;2000.264;20.003;1262.82;100;1;0;1;0;0;
Electricity;Electricity;Tidal stream;TIDAL_STREAM;3752;165;0;20;1;0;1;0;0;
Electricity;Electricity;Tidal range;TIDAL_RANGE;2867;178;0;40;1;0;1;0;0;
Electricity;Electricity;Wave;WAVE;2912.5;97.4107;0;25;0.3995;0;1;0;0;
Electricity;Electricity;Geothermal power plant;GEOTHERMAL;3534.122231;88.35304846;24929.09;50;0.914;0;1;0;0;
Electricity;Electricity;Diesel genset;GENSET_DIESEL;384.6;5.769001632;516.55;30;0.85;0;1;0;0;
Electricity;Electricity;Open cycle gas turbine;OCGT;915.1514369;22.87878592;183.79;30;0.123207004;0;1;0;0;
Electricity;Electricity;Combined cycle gas turbine;CCGT;1217.490356;18.26220742;183.79;30;0.408081032;0;1;0;0;
Electricity;Electricity;Grate-firing-steam turbine;ST_BIOMASS;1668.197284;38.69471802;165.33;30;0.409994599;0;1;0;0;
Electricity;Electricity;Syngas-steam turbine;ST_SNG;954.2088467;14.31304758;1024.32;30;0.409994599;0;1;0;0;
Electricity;Electricity;Combined cycle gas turbine_Sur;CCGT_SUR;1217.490356;18.26220742;183.79;30;0.85;0;1;0;0;
Heat;Heat high temperature;Cogeneration gas (industry);IND_COGEN_GAS;1484.44;95.41808193;1024.32;25;0.8449;0;1;0;0;
Heat;Heat high temperature;Cogeneration wood (industry);IND_COGEN_WOOD;1139.44;41.71767303;165.33;25;0.8449;0;1;0;0;
Heat;Heat high temperature;Cogeneration waste (industry);IND_COGEN_WASTE;3101.3;114.3299681;647.82;25;0.8449;0;1;0;0;
Heat;Heat high temperature;Boiler gas (industry);IND_BOILER_GAS;64.78;1.297874333;12.32;17;0.9443;0;1;0;0;
Heat;Heat high temperature;Boiler wood (industry);IND_BOILER_WOOD;126.7;2.533945126;28.87;17;0.8946;0;1;0;0;
Heat;Heat high temperature;Boiler biowaste (industry);IND_BOILER_BIOWASTE;126.7;2.533945126;28.87;17;0.8946;0;1;0;0;
Heat;Heat high temperature;Boiler oil (industry);IND_BOILER_OIL;60.34;1.297874333;12.32;17;0.9443;0;1;0;0;
Heat;Heat high temperature;Boiler coal (industry);IND_BOILER_COAL;126.7;2.533945126;48.18;17;0.8946;0;1;0;0;
Heat;Heat high temperature;Boiler waste (industry);IND_BOILER_WASTE;126.7;2.533945126;28.87;17;0.8946;0;1;0;0;
Heat;Heat high temperature;Electrical resistors (industry);IND_DIRECT_ELEC;360.04;1.633267784;1.47;15;0.9443;0;1;0;0;
Heat;Heat low temperature centralised;Heat pump (DHN);DHN_HP_ELEC;395.73;13.41870073;174.79;25;0.9443;0;1;0;0;
Heat;Heat low temperature centralised;Cogeneration gas (DHN);DHN_COGEN_GAS;1361.46;39.80624675;490.88;25;0.8449;0;1;0;0;
Heat;Heat low temperature centralised;Cogeneration wood (DHN);DHN_COGEN_WOOD;1172.95;42.94466341;165.33;25;0.8449;0;1;0;0;
Heat;Heat low temperature centralised;Cogeneration waste (DHN);DHN_COGEN_WASTE;3182.91;117.3386515;647.82;25;0.8449;0;1;0;0;
Heat;Heat low temperature centralised;Boiler gas (DHN);DHN_BOILER_GAS;70.67;1.415862909;12.32;17;0.9443;0;1;0;0;
Heat;Heat low temperature centralised;Boiler wood (DHN);DHN_BOILER_WOOD;138.22;2.764303774;28.87;17;0.8946;0;1;0;0;
Heat;Heat low temperature centralised;Boiler oil (DHN);DHN_BOILER_OIL;65.83;1.415862909;12.32;17;0.9443;0;1;0;0;
Heat;Heat low temperature centralised;Geothermal (DHN);DHN_DEEP_GEO;1611.94;60.39529412;808.76;30;0.8449;0;1;0;0;
Heat;Heat low temperature centralised;Solar thermal (DHN);DHN_SOLAR;381.37;0.449838889;221.22;30;1;0;1;0;0;
Heat;Heat low temperature decentralised;Electrical heat pump (decentralised);DEC_HP_ELEC;534.83;22.29942815;164.89;18;1;0;1;0;0;
Heat;Heat low temperature decentralised;Thermal heat pump gas (decentralised);DEC_THHP_GAS;343.14;10.02879086;381.93;20;1;0;1;0;0;
Heat;Heat low temperature decentralised;Cogeneration gas (decentralised);DEC_COGEN_GAS;1484.44;95.41808193;1024.32;20;1;0;1;0;0;
Heat;Heat low temperature decentralised;Cogeneration oil (decentralised);DEC_COGEN_OIL;1376.41;84.44837929;1024.32;20;1;0;1;0;0;
Heat;Heat low temperature decentralised;Advanced cogeneration (Fuel cell) gas (decentralised);DEC_ADVCOGEN_GAS;8478.77;158.0127523;2193.45;20;1;0;1;0;0;
Heat;Heat low temperature decentralised;Advanced cogeneration (Fuel cell) gas (decentralised);DEC_ADVCOGEN_H2;8478.77;158.0127523;2193.45;20;1;0;1;0;0;
Heat;Heat low temperature decentralised;Bioler gas (decentralised);DEC_BOILER_GAS;174.39;5.232699691;21.09;17;1;0;1;0;0;
Heat;Heat low temperature decentralised;Boiler wood (decentralised);DEC_BOILER_WOOD;508.68;17.79941942;21.09;17;1;0;1;0;0;
Heat;Heat low temperature decentralised;Boiler oil (decentralised);DEC_BOILER_OIL;156.62;9.394138028;21.09;17;1;0;1;0;0;
Heat;Heat low temperature decentralised;Solar thermal (decentralised);DEC_SOLAR;743.38;8.247963292;221.22;25;1;0;1;0;0;
Heat;Heat low temperature decentralised;Direct electrical heaters (decentralised);DEC_DIRECT_ELEC;42.16;0.184273541;1.47;15;1;0;1;0;0;
Cold;Space cooling;Electrical refrigeration cycle;DEC_ELEC_COLD;510.64;21.49;164.89;20;1;0;1;0;0;
Cold;Space cooling;Thermal refrigeration cycle gas;DEC_THHP_GAS_COLD;327.63;9.65;381.93;20;1;0;1;0;0;
Cold;Process cooling;Industrial electric cooling;IND_ELEC_COLD;649.14;5.27;174.79;20;0.95;0;1;0;0;
Mobility;Passenger public;Tram or metro;TRAMWAY_TROLLEY;625;12.5;0;30;0.342465753;0;1;0;0;
Mobility;Passenger public;Bus diesel;BUS_COACH_DIESEL;0;0;0;15;0.483722222;0;1;0;0;
Mobility;Passenger public;Bus diesel hybrid;BUS_COACH_HYDIESEL;823.29;33.33333333;0;15;0.483722222;0;1;0;0;
Mobility;Passenger public;Bus gas;BUS_COACH_CNG_STOICH;0;0;0;15;0.483722222;0;1;0;0;
Mobility;Passenger public;Bus fuel cell (H2);BUS_COACH_FC_HYBRIDH2;1081.47;31.25;0;15;0.483722222;0;1;0;0;
Mobility;Passenger public;Train (passenger);TRAIN_PUB;1506.02;54.35274934;0;40;0.275072894;0;1;0;0;
Mobility;Passenger aviation;Plane short_haul;PLANE_SHORT_HAUL;1456.05;39.82;0;35;0.4999;0;1;0;0;
Mobility;Passenger aviation;Plane hydrogen short-haul;PLANE_H2_SHORT_HAUL;1639.69;44.84;0;35;0.4999;0;1;0;0;
Mobility;Passenger aviation;Plane long_haul;PLANE_LONG_HAUL;1343.77;36.75;0;35;0.5374;0;1;0;0;
Mobility;Passenger private;Car gasoline;CAR_GASOLINE;0;0;0;10;0.1343125;0;1;0;0;
Mobility;Passenger private;Car diesel;CAR_DIESEL;0;0;0;10;0.1343125;0;1;0;0;
Mobility;Passenger private;Car gas;CAR_NG;0;0;0;10;0.1343125;0;1;0;0;
Mobility;Passenger private;Car methanol;CAR_METHANOL;0;0;0;10;0.1343125;0;1;0;0;
Mobility;Passenger private;Car hybrid (gasoline);CAR_HEV;424.24;34;0;10;0.1343125;0;1;0;0;
Mobility;Passenger private;Car plug-in hybrid;CAR_PHEV;464.97;34;0;10;0.1343125;0;1;0;0;
Mobility;Passenger private;Car electric;CAR_BEV;328.1935072;6.563870143;0;10;0.1343125;0;1;0;0;
Mobility;Passenger private;Car fuel cell (H2);CAR_FUEL_CELL;1272.0333;14.124;0;10;0.1343125;0;1;0;0;
Mobility;Freight;Train (freight);TRAIN_FREIGHT;104.42;2.088311688;0;40;0.342465753;0;1;0;0;
Mobility;Freight;Boat diesel;BOAT_FREIGHT_DIESEL;73.84;3.819444444;0;40;0.114155251;0;1;0;0;
Mobility;Freight;Boat gas;BOAT_FREIGHT_NG;74.49;3.819444444;0;40;0.114155251;0;1;0;0;
Mobility;Freight;Boat methanol;BOAT_FREIGHT_METHANOL;0;0;0;40;0.114155251;0;1;0;0;
Mobility;International shipping;Container shipping diesel;CARGO_LFO;0;0;0;40;0.739666854;0;1;0;0;
Mobility;International shipping;Container shipping LNG;CARGO_LNG;0;0;0;40;0.739666854;0;1;0;0;
Mobility;International shipping;Container shipping fuelcell;CARGO_METHANOL;0;0;0;40;0.739666854;0;1;0;0;
Mobility;International shipping;Container shipping fuelcell;CARGO_AMMONIA;0;0;0;40;0.739666854;0;1;0;0;
Mobility;International shipping;Container shipping fuelcell;CARGO_FUELCELL_LH2;0;0;0;40;0.739666854;0;1;0;0;
Mobility;International shipping;Container shipping fuelcell;CARGO_FUELCELL_AMMONIA;0;0;0;40;0.739666854;0;1;0;0;
Mobility;International shipping;Container shipping fuelcell;CARGO_RETRO_METHANOL;0;0;0;40;0.739666854;0;1;0;0;
Mobility;International shipping;Container shipping fuelcell;CARGO_RETRO_AMMONIA;0;0;0;40;0.739666854;0;1;0;0;
Mobility;Freight;Trucks diesel;TRUCK_DIESEL;0;0;0;15;0.01805556;0;1;0;0;
Mobility;Freight;Truck methanol;TRUCK_METHANOL;0;0;0;15;0.01805556;0;1;0;0;
Mobility;Freight;Truck fuel cell (hydrogen);TRUCK_FUEL_CELL;417.59;12.06666667;0;15;0.01805556;0;1;0;0;
Mobility;Freight;Truck electric;TRUCK_ELEC;835.89;23.13333333;0;15;0.01805556;0;1;0;0;
Mobility;Freight;Truck gas;TRUCK_NG;361.9;18.55555556;0;15;0.01805556;0;1;0;0;
Infrastructure;Infrastructure;Efficiency mesures in energy system;EFFICIENCY;0;0;0;1;1;0;1;0;0;
Infrastructure;Infrastructure;Distric heating network;DHN;825.88;0;0;60;1;0;1;0;0;
Infrastructure;Infrastructure;Electrical grid cost;GRID;810.19;0;0;80;1;0;1;0;0;
Infrastructure;Infrastructure;HVAC line;HVAC_LINE;2;0.04;0;40;1;0;1;0;0;
Infrastructure;Infrastructure;HVDC subsea cable;HVDC_SUBSEA;3.24;0.06;0;40;1;0;1;0;0;
Infrastructure;Infrastructure;Gas pipeline;GAS_PIPELINE;0.134;0.001;0;55;1;0;1;0;0;
Infrastructure;Infrastructure;Gas subsea pipeline;GAS_SUBSEA;0.208;0.002;0;55;1;0;1;0;0;
Infrastructure;Infrastructure;Hydrogen retrofitted pipeline;H2_RETROFITTED;0.355973417;0.005;0;40;1;0;1;0;0;
Infrastructure;Infrastructure;Hydrogen new pipeline;H2_NEW;0.452;0.005;0;40;1;0;1;0;0;
Infrastructure;Infrastructure;Hydrogen subsea retrofitted pipeline;H2_SUBSEA_RETRO;0.533066683;0.007;0;40;1;0;1;0;0;
Infrastructure;Infrastructure;Hydrogen subsea new pipeline;H2_SUBSEA_NEW;0.726;0.007;0;40;1;0;1;0;0;
Synthetic fuels;Synthetic fuels;Electrolysers;H2_ELECTROLYSIS;1772.15;48.73417722;0;15;0.8973;0;1;0;0;
Synthetic fuels;Synthetic fuels;Steam methane reforming;H2_NG;736.79;67.9913424;0;25;0.85484;0;1;0;0;
Synthetic fuels;Synthetic fuels;Biomass to hydrogen;H2_BIOMASS;3788.08;266.8661519;0;25;0.85742;0;1;0;0;
Synthetic fuels;Synthetic fuels;Lignocellulosic biomass gasification;BIOMASS_TO_METHANE;2969.836;179.3138803;0;25;0.85;0;1;0;0;
Synthetic fuels;Synthetic fuels;Biowaste gasification;BIOWASTE_TO_METHANE;2969.836;179.3138803;0;25;0.85;0;1;0;0;
Synthetic fuels;Synthetic fuels;Hydrogen methanation;SYN_METHANATION;320.78;81.96184211;0;40;1;0;1;0;0;
Synthetic fuels;Synthetic fuels;Wet biomass methanation;BIOMETHANATION_WET_BIOMASS;1066.44;14.77272727;0;20;0.8449;0;1;0;0;
Synthetic fuels;Synthetic fuels;Biowaste methanation;BIOMETHANATION_BIOWASTE;1066.44;14.77272727;0;20;0.8449;0;1;0;0;
Synthetic fuels;Synthetic fuels;Lignocellulosic biomass pyrolysis to gasoline (and diesel);BIOMASS_TO_GASOLINE;5900.613267;166.9735;0;25;0.91;0;1;0;0;
Synthetic fuels;Synthetic fuels;Fischer Tropsch Ligno Diesel;BIOMASS_TO_DIESEL;5900.613267;166.9735;0;25;0.91;0;1;0;0;
Synthetic fuels;Synthetic fuels;Fischer Tropsch Ligno Jet fuel;BIOMASS_TO_JET_FUEL;5900.613267;166.9735;0;25;0.91;0;1;0;0;
Synthetic fuels;Synthetic fuels;Lignocellulosic biomass pyrolysis to LFO;BIOMASS_TO_LFO;5900.613267;166.9735;0;25;0.91;0;1;0;0;
Synthetic fuels;Synthetic fuels;Biowaste pyrolysis to gasoline (and diesel);BIOWASTE_TO_GASOLINE;5900.613267;242.6681533;0;25;0.91;0;1;0;0;
Synthetic fuels;Synthetic fuels;Fischer Tropsch bio waste Diesel;BIOWASTE_TO_DIESEL;5900.613267;242.6681533;0;25;0.91;0;1;0;0;
Synthetic fuels;Synthetic fuels;Fischer Tropsch bio waste Jet fuel;BIOWASTE_TO_JET_FUEL;5900.613267;242.6681533;0;25;0.91;0;1;0;0;
Synthetic fuels;Synthetic fuels;Biowaste pyrolysis to LFO;BIOWASTE_TO_LFO;5900.613267;242.6681533;0;25;0.91;0;1;0;0;
Synthetic fuels;Synthetic fuels;Diesel to jet fuel;DIESEL_TO_JET_FUEL;0;0;0;25;1;0;1;0;0;
Synthetic fuels;Synthetic fuels;Carbon capture atmospheric;ATM_CCS;5281.82;131.112;0;40;1;0;1;0;0;
Synthetic fuels;Synthetic fuels;Carbon capture from industry;INDUSTRY_CCS;2640.91;65.556;0;40;1;0;1;0;0;
Synthetic fuels;Synthetic fuels;Hydrogen methanolation;SYN_METHANOLATION;0;0;0;20;0.9443;0;1;0;0;
Synthetic fuels;Synthetic fuels;Methane to methanol;METHANE_TO_METHANOL;0;0;0;25;0.8449;0;1;0;0;
Synthetic fuels;Synthetic fuels;Biomass methanolation;BIOMASS_TO_METHANOL;0;0;0;20;0.994;0;1;0;0;
Synthetic fuels;Synthetic fuels;Biowaste methanolation;BIOWASTE_TO_METHANOL;0;94.248;0;20;1;0;1;0;0;
Synthetic fuels;Synthetic fuels;Haber bosch (H2 to amonia);HABER_BOSCH;0;0;0;20;0.994;0;1;0;0;
Synthetic fuels;Synthetic fuels;Fischer-Tropsch P2L Gasoline;POWER_TO_GASOLINE;3532.743904;253.0536276;0;25;0.91;0;1;0;0;
Synthetic fuels;Synthetic fuels;Fischer-Tropsch P2L Diesel;POWER_TO_DIESEL;3532.743904;253.0536276;0;25;0.91;0;1;0;0;
Synthetic fuels;Synthetic fuels;Fischer-Tropsch P2L Jet fuel;POWER_TO_JET_FUEL;3532.743904;253.0536276;0;25;0.91;0;1;0;0;
Synthetic fuels;Synthetic fuels;Fischer-Tropsch P2L LFO;POWER_TO_LFO;3532.743904;253.0536276;0;25;0.91;0;1;0;0;
Synthetic fuels;Synthetic fuels;Fischer-Tropsch Hydrogen to Gasoline;H2_TO_GASOLINE;2241.910636;137.0330166;0;25;0.91;0;1;0;0;
Synthetic fuels;Synthetic fuels;Fischer-Tropsch Hydrogen to Diesel;H2_TO_DIESEL;2241.910636;137.0330166;0;25;0.91;0;1;0;0;
Synthetic fuels;Synthetic fuels;Fischer-Tropsch Hydrogen to Jet fuel;H2_TO_JET_FUEL;2241.910636;137.0330166;0;25;0.91;0;1;0;0;
Synthetic fuels;Synthetic fuels;Fischer-Tropsch Hydrogen to LFO;H2_TO_LFO;2241.910636;137.0330166;0;25;0.91;0;1;0;0;
Synthetic fuels;Synthetic fuels;Amonia to H2;AMMONIA_TO_H2;0;0;0;25;0.994;0;1;0;0;
Synthetic fuels;Synthetic fuels;Oil to HVC;OIL_TO_HVC;427.2;2.271214642;0;15;0.994;0;1;0;0;
Synthetic fuels;Synthetic fuels;Gas to HVC;GAS_TO_HVC;862.63;21.5657004;0;25;0.994;0;1;0;0;
Synthetic fuels;Synthetic fuels;Biomass to HVC;BIOMASS_TO_HVC;2614.5;78;0;20;0.994;0;1;0;0;
Synthetic fuels;Synthetic fuels;Methanol to HVC;METHANOL_TO_HVC;0;0;0;20;1;0;1;0;0;
Storage;Electricity storage;Batteries;BATT_LI;425.88;0.658412583;61.3;15;1;0;1;0;0;
Storage;Electricity storage;Compressed air energy storage;CAES;38.938;3.1799;0;50;1;0;1;0;0;
Storage;Electricity storage;Batteries of electric cars;BEV_BATT;0;0;0;1;1;0;1;0;0;
Storage;Electricity storage;Batteries of plug-in hybrid cars;PHEV_BATT;0;0;0;1;1;0;1;0;0;
Storage;Electricity storage;Hydro dam storage;DAM_STORAGE;0;0;0;100;1;0;1;0;0;
Storage;Electricity storage;Pumped hydro storage;PHS;58.8;0;8.33;50;1;0;1;0;0;
Storage;Thermal storage;Decentralised direct elec;TS_DEC_DIRECT_ELEC;0;0;0;20;1;0;1;0;0;
Storage;Thermal storage;Decentralised electrical heat pumps;TS_DEC_HP_ELEC;0;0;0;20;1;0;1;0;0;
Storage;Thermal storage;Decentralised thermal heat pumps gas;TS_DEC_THHP_GAS;0;0;0;20;1;0;1;0;0;
Storage;Thermal storage;Decentralised cogeneration gas;TS_DEC_COGEN_GAS;0;0;0;20;1;0;1;0;0;
Storage;Thermal storage;Decentralised cogenration oil;TS_DEC_COGEN_OIL;0;0;0;20;1;0;1;0;0;
Storage;Thermal storage;Decentralised fuel cell cogeneration gas;TS_DEC_ADVCOGEN_GAS;0;0;0;20;1;0;1;0;0;
Storage;Thermal storage;Decentralised fuel cell cogenration H2;TS_DEC_ADVCOGEN_H2;0;0;0;20;1;0;1;0;0;
Storage;Thermal storage;Decentralised boiler gas;TS_DEC_BOILER_GAS;0;0;0;20;1;0;1;0;0;
Storage;Thermal storage;Decentralised boiler wood;TS_DEC_BOILER_WOOD;0;0;0;20;1;0;1;0;0;
Storage;Thermal storage;Decentralised boiler oil;TS_DEC_BOILER_OIL;0;0;0;20;1;0;1;0;0;
Storage;Thermal storage;Centralised daily;TS_DHN_DAILY;0;0;0;40;1;0;1;0;0;
Storage;Thermal storage;Centralised seasonal;TS_DHN_SEASONAL;0;0;0;25;1;0;1;0;0;
Storage;Thermal storage;Thermal storage industries;TS_HIGH_TEMP;0;0;0;25;1;0;1;0;0;
Storage;Other storage;Gas storage;GAS_STORAGE;0;0;0;50;1;0;1;0;0;
Storage;Other storage;Hydrogen storage;H2_STORAGE;6.19;0.39;0;20;1;0;1;0;0;
Storage;Other storage;Diesel storage;DIESEL_STORAGE;0.01;0.000397;0;20;1;0;1;0;0;
Storage;Other storage;Jet fuel storage;JET_FUEL_STORAGE;0.01;0.000397;0;20;1;0;1;0;0;
Storage;Other storage;Gasoline storage;GASOLINE_STORAGE;0.01;0.000397;0;20;1;0;1;0;0;
Storage;Other storage;LFO storage;LFO_STORAGE;0.01;0.000397;0;20;1;0;1;0;0;
Storage;Other storage;Ammonia storage;AMMONIA_STORAGE;0;0;0;20;1;0;1;0;0;
Storage;Other storage;Methanol storage;METHANOL_STORAGE;0;0;0;20;1;0;1;0;0;
Storage;Other storage;Parabolic trough storage;PT_STORAGE;36.9568;0.3695;0;25;1;0;1;0;0;
Storage;Other storage;Solar tower storage;ST_STORAGE;19.099;0.1909;0;25;1;0;1;0;0;
Storage;Thermal storage;Space cooling storage;TS_COLD;0;0;0;20;1;0;1;0;0;
Storage;Other storage;CO2 storage;CO2_STORAGE;49.5;0.495;0;30;1;0;1;0;0;
Heat;Cooking;Firewood stove;STOVE_WOOD;53.65514911;1.60965447;75;10;0.1875;0;1;0;0;
Heat;Cooking;LPG stove;STOVE_LPG;52.20521443;1.33859524;75;10;0.1875;0;1;0;0;
Heat;Cooking;NG stove;STOVE_NG;70.48592219;1.80733134;75;10;0.1875;0;1;0;0;
Heat;Cooking;Oil stove;STOVE_OIL;17.37818595;0.52134558;75;10;0.1875;0;1;0;0;
Heat;Cooking;Electric stove;STOVE_ELEC;20.60357726;0.51508943;75;10;0.1875;0;1;0;0;
Mobility;Passenger aviation;Plane;PLANE;1456.05;39.82;0;35;0.114155251;0;1;0;0;
Synthetic fuels;Synthetic fuels;Biomass fermentation to bioethanol;FERMENTATION_TO_BIOETHANOL;2554.01;116.0842435;0;25;0.92;0;1;0;0;
Synthetic fuels;Synthetic fuels;Esterification to biodiesel;ESTERIFICATION_TO_BIODIESEL;2554.01;116.0842435;0;25;0.8449;0;1;0;0;
Heat;Heat high temperature;Diesel engine (industry);IND_BOILER_DIESEL;171.6964771;4.29241193;516.55;25;0.9;0;1;0;0;
Heat;Heat high temperature;LPG burner (industry);IND_BOILER_LPG;64.78;1.297874333;12.32;17;0.9443;0;1;0;0;
Storage;Other storage;LPG storage;LPG_STORAGE;0.01;0.000397;0;20;1;0;1;0;0;
Storage;Other storage;LNG storage;LNG_STORAGE;0.01;0.000397;0;20;1;0;1;0;0;
Mobility;Passenger private;CAR_FG_PRIVATE;CAR_FG_PRIVATE;320.9896787;19.25938072;0;10;0.1343125;0;1;0;0;
Mobility;Passenger private;BUS_FG_PRIVATE;BUS_FG_PRIVATE;224.9290737;11.24645368;0;15;0.48372222;0;1;0;0;
Mobility;Passenger private;PICKUP_TRUCK_FG_PRIVATE;PICKUP_TRUCK_FG_PRIVATE;553.4903109;33.20941865;0;10;0.1343125;0;1;0;0;
Mobility;Passenger private;SUV_FG_PRIVATE;SUV_FG_PRIVATE;487.5572958;29.25343775;0;10;0.1343125;0;1;0;0;
Mobility;Passenger private;MOTORCYCLE_FG_PRIVATE;MOTORCYCLE_FG_PRIVATE;44.75305157;2.68518309;0;10;0.01989583;0;1;0;0;
Mobility;Passenger public;CAR_FG_PUBLIC;CAR_FG_PUBLIC;320.9896787;19.25938072;0;10;0.1343125;0;1;0;0;
Mobility;Passenger public;BUS_FG_PUBLIC;BUS_FG_PUBLIC;224.9290737;11.24645368;0;15;0.48372222;0;1;0;0;
Mobility;Passenger public;PICKUP_TRUCK_FG_PUBLIC;PICKUP_TRUCK_FG_PUBLIC;553.4903109;33.20941865;0;10;0.1343125;0;1;0;0;
Mobility;Passenger public;SUV_FG_PUBLIC;SUV_FG_PUBLIC;487.5572958;29.25343775;0;10;0.1343125;0;1;0;0;
Mobility;Passenger public;MOTORCYCLE_FG_PUBLIC;MOTORCYCLE_FG_PUBLIC;44.75305157;2.68518309;0;10;0.01989583;0;1;0;0;
Mobility;Passenger private;CAR_GASOLINE_PRIVATE;CAR_GASOLINE_PRIVATE;308.173441;18.49040646;0;10;0.1343125;0;1;0;0;
Mobility;Passenger private;BUS_GASOLINE_PRIVATE;BUS_GASOLINE_PRIVATE;214.4989572;10.72494786;0;15;0.48372222;0;1;0;0;
Mobility;Passenger private;PICKUP_TRUCK_GASOLINE_PRIVATE;PICKUP_TRUCK_GASOLINE_PRIVATE;541.4798879;32.48879327;0;10;0.1343125;0;1;0;0;
Mobility;Passenger private;SUV_GASOLINE_PRIVATE;SUV_GASOLINE_PRIVATE;475.3183582;28.51910149;0;10;0.1343125;0;1;0;0;
Mobility;Passenger private;MOTORCYCLE_GASOLINE_PRIVATE;MOTORCYCLE_GASOLINE_PRIVATE;27.20283527;1.63217012;0;10;0.01989583;0;1;0;0;
Mobility;Passenger public;CAR_GASOLINE_PUBLIC;CAR_GASOLINE_PUBLIC;308.173441;18.49040646;0;10;0.1343125;0;1;0;0;
Mobility;Passenger public;BUS_GASOLINE_PUBLIC;BUS_GASOLINE_PUBLIC;214.4989572;10.72494786;0;15;0.48372222;0;1;0;0;
Mobility;Passenger public;PICKUP_TRUCK_GASOLINE_PUBLIC;PICKUP_TRUCK_GASOLINE_PUBLIC;541.4798879;32.48879327;0;10;0.1343125;0;1;0;0;
Mobility;Passenger public;SUV_GASOLINE_PUBLIC;SUV_GASOLINE_PUBLIC;475.3183582;28.51910149;0;10;0.1343125;0;1;0;0;
Mobility;Passenger public;MOTORCYCLE_GASOLINE_PUBLIC;MOTORCYCLE_GASOLINE_PUBLIC;27.20283527;1.63217012;0;10;0.01989583;0;1;0;0;
Mobility;Passenger private;CAR_DIESEL_PRIVATE;CAR_DIESEL_PRIVATE;308.1682945;18.49009767;0;10;0.1343125;0;1;0;0;
Mobility;Passenger private;BUS_DIESEL_PRIVATE;BUS_DIESEL_PRIVATE;214.4989572;10.72494786;0;15;0.48372222;0;1;0;0;
Mobility;Passenger private;PICKUP_TRUCK_DIESEL_PRIVATE;PICKUP_TRUCK_DIESEL_PRIVATE;541.4708452;32.48825071;0;10;0.1343125;0;1;0;0;
Mobility;Passenger private;SUV_DIESEL_PRIVATE;SUV_DIESEL_PRIVATE;475.3104203;28.51862522;0;10;0.1343125;0;1;0;0;
Mobility;Passenger private;MOTORCYCLE_DIESEL_PRIVATE;MOTORCYCLE_DIESEL_PRIVATE;27.20283527;1.63217012;0;10;0.01989583;0;1;0;0;
Mobility;Passenger public;CAR_DIESEL_PUBLIC;CAR_DIESEL_PUBLIC;308.1682945;18.49009767;0;10;0.1343125;0;1;0;0;
Mobility;Passenger public;BUS_DIESEL_PUBLIC;BUS_DIESEL_PUBLIC;214.4989572;10.72494786;0;15;0.48372222;0;1;0;0;
Mobility;Passenger public;PICKUP_TRUCK_DIESEL_PUBLIC;PICKUP_TRUCK_DIESEL_PUBLIC;541.4708452;32.48825071;0;10;0.1343125;0;1;0;0;
Mobility;Passenger public;SUV_DIESEL_PUBLIC;SUV_DIESEL_PUBLIC;475.3104203;28.51862522;0;10;0.1343125;0;1;0;0;
Mobility;Passenger public;MOTORCYCLE_DIESEL_PUBLIC;MOTORCYCLE_DIESEL_PUBLIC;27.20283527;1.63217012;0;10;0.01989583;0;1;0;0;
Mobility;Freight;TRUCK_FG;TRUCK_FG;253.5656264;12.67828132;0;15;0.01805556;0;1;0;0;
Mobility;Freight;VAN_FG;VAN_FG;542.8751845;32.57251107;0;10;0.0203125;0;1;0;0;
Mobility;Freight;CARGO_MOTORCYCLE_FG;CARGO_MOTORCYCLE_FG;87.3123261;5.23873957;0;10;0.01075;0;1;0;0;
Mobility;Freight;TRUCK_GASOLINE;TRUCK_GASOLINE;251.3515689;12.56757845;0;15;0.01805556;0;1;0;0;
Mobility;Freight;VAN_GASOLINE;VAN_GASOLINE;524.7564675;31.48538805;0;10;0.0203125;0;1;0;0;
Mobility;Freight;CARGO_MOTORCYCLE_GASOLINE;CARGO_MOTORCYCLE_GASOLINE;52.2118935;3.13271361;0;10;0.01075;0;1;0;0;
Mobility;Freight;TRUCK_DIESEL_P;TRUCK_DIESEL_P;251.3515689;12.56757845;0;15;0.01805556;0;1;0;0;
Mobility;Freight;VAN_DIESEL;VAN_DIESEL;524.7564675;31.48538805;0;10;0.0203125;0;1;0;0;
Mobility;Freight;CARGO_MOTORCYCLE_DIESEL;CARGO_MOTORCYCLE_DIESEL;52.2118935;3.13271361;0;10;0.01075;0;1;0;0;
Lighting;Building lighting;Conventional bulb;CONVENTIONAL_BULB;0.1444041;0;0;5;1;0;1;0;0;
Lighting;Building lighting;LED bulb;LED_BULB;0.60161002;0;0;10;1;0;1;0;0;
Lighting;Public lighting;Conventional public lighting;CONVENTIONAL_LIGHT;1598.242939;1559.087767;0;5;1;0;1;0;0;
Lighting;Public lighting;LED public lighting;LED_LIGHT;2187.69928;431.5978112;0;10;1;0;1;0;0;
Food preservation;Food preservation;Refrigerator;REFRIGERATOR_EL;0.0000596;0;0;15;1;0;1;0;0;
Mechanical energy;Commercial;Commercial diesel machinery;COMM_MACHINERY_DIESEL;0.08519203;0.00127788;0;25;1;0;1;0;0;
Mechanical energy;Commercial;Commercial electric machinery;COMM_MACHINERY_EL;0.06278883;0.00094183;0;12;1;0;1;0;0;
Mechanical energy;Industrial;Industrial electric machinery;IND_MACHINERY_EL;0.06278883;0.00094183;0;17;1;0;1;0;0;
Mechanical energy;Agriculture;Diesel tractor;TRACTOR_DIESEL;0.321277296;0.01606386;0;15;1;0;1;0;0;
Mechanical energy;Agriculture;Agriculture diesel machinery;AGR_MACHINERY_DIESEL;0.14693009;0.00220395;0;25;1;0;1;0;0;
Mechanical energy;Agriculture;Agriculture electric machinery;AGR_MACHINERY_EL;0.19650578;0.00294759;0;12;1;0;1;0;0;
Mechanical energy;Mining;Mining diesel machinery;MIN_MACHINERY_DIESEL;0.08519203;0.00127788;0;25;1;0;1;0;0;
Mechanical energy;Mining;Mining electric machinery;MIN_MACHINERY_EL;0.06278883;0.00094183;0;17;1;0;1;0;0;
Mechanical energy;Fishing;Fishing diesel machinery;FISH_MACHINERY_DIESEL;0.08519203;0.00127788;0;25;1;0;1;0;0;
Mechanical energy;Fishing;Fishing electric machinery;FISH_MACHINERY_EL;0.06278883;0.00094183;0;12;1;0;1;0;0;
Mechanical energy;Agriculture;Electric tractor;TRACTOR_EL;1.34690901;0.06734545;0;15;1;0;1;0;0;
Mobility;Passenger public;BUS_ELEC_PUBLIC;BUS_ELEC_PUBLIC;378.6466063;7.57293213;0;15;0.48372222;0;1;0;0;
Mobility;Passenger private;BUS_ELEC_PRIVATE;BUS_ELEC_PRIVATE;378.6466063;7.57293213;0;15;0.48372222;0;1;0;0;
Mobility;Passenger public;PICKUP_TRUCK_ELEC_PUBLIC;PICKUP_TRUCK_ELEC_PUBLIC;0;10;0;10;0.1343125;0;1;0;0;
Mobility;Passenger private;PICKUP_TRUCK_ELEC_PRIVATE;PICKUP_TRUCK_ELEC_PRIVATE;0;0;0;10;0.1343125;0;1;0;0;
Mobility;Passenger public;SUV_ELEC_PUBLIC;SUV_ELEC_PUBLIC;529.56;10;0;10;0.1343125;0;1;0;0;
Mobility;Passenger private;SUV_ELEC_PRIVATE;SUV_ELEC_PRIVATE;529.56;10;0;10;0.1343125;0;1;0;0;
Mobility;Passenger public;MOTORCYCLE_ELEC_PUBLIC;MOTORCYCLE_ELEC_PUBLIC;55.65249172;1.11304983;0;10;0.01989583;0;1;0;0;
Mobility;Passenger private;MOTORCYCLE_ELEC_PRIVATE;MOTORCYCLE_ELEC_PRIVATE;55.65249172;1.11304983;0;10;0.01989583;0;1;0;0;
Mobility;Freight;VAN_ELEC;VAN_ELEC;0;0;0;10;0.0203125;0;1;0;0;
Mobility;Freight;CARGO_MOTORCYCLE_ELEC;CARGO_MOTORCYCLE_ELEC;198.2038428;3.96407686;0;10;0.01075;0;1;0;0;
Mobility;Freight;TRAIN_FREIGHT_ELEC;TRAIN_FREIGHT_ELEC;104.42;2.088311688;0;40;0.342465753;0;1;0;0;
Mobility;Freight;BOAT_FREIGHT_ELEC;BOAT_FREIGHT_ELEC;221.52;0.381944444;0;40;0.114155251;0;1;0;0;
Electricity;Electricity;FUEL_CELL;FUEL_CELL;984.64;29.5392;0;20;1;0;1;0;0;
Synthetic fuels;Synthetic fuels;ETHANOL_TO_FUELS;ETHANOL_TO_FUELS;912.4450172;39.7133302;0;25;0.95;0;1;0;0;
Synthetic fuels;Synthetic fuels;BIO_HYDROLYSIS;BIO_HYDROLYSIS;1721.7;117.3865932;0;15;0.8449;0;1;0;0;
Synthetic fuels;Synthetic fuels;PYROLYSIS_TO_FUELS;PYROLYSIS_TO_FUELS;2047.5;57;0;25;0.8449;0;1;0;0;
Synthetic fuels;Synthetic fuels;PYROLYSIS_TO_LFO;PYROLYSIS_TO_LFO;2016.33;91.6454554;0;25;0.8449;0;1;0;0;
Electricity;Electricity;FB_ST_BIOMASS;FB_ST_BIOMASS;2130.076011;42.60152022;165.33;30;0.409994599;0;1;0;0;
Electricity;Electricity;CFB_ST_BIOMASS;CFB_ST_BIOMASS;1812.194769;36.24389539;165.33;30;0.409994599;0;1;0;0;
Electricity;Electricity;BFB_ST_BIOMASS;BFB_ST_BIOMASS;1812.194769;36.24389539;165.33;30;0.409994599;0;1;0;0;
Synthetic fuels;Synthetic fuels;Regasification station;REGASIFICATION;2895.92;57.91836098;0;25;1;0;1;0;0;
Synthetic fuels;Synthetic fuels;Liquefaction plant;LIQUEFACTION;1075.899182;21.51798364;0;25;1;0;1;0;0;
Infrastructure;Infrastructure;DIESEL_PIPELINE;DIESEL_PIPELINE;0.134;0.001;0;55;1;0;1;0;0;
Infrastructure;Infrastructure;GASOLINE_PIPELINE;GASOLINE_PIPELINE;0.134;0.001;0;55;1;0;1;0;0;
Infrastructure;Infrastructure;LPG_PIPELINE;LPG_PIPELINE;0.134;0.001;0;55;1;0;1;0;0;
Infrastructure;Infrastructure;LFO_PIPELINE;LFO_PIPELINE;0.134;0.001;0;55;1;0;1;0;0;
Infrastructure;Infrastructure;JET_FUEL_PIPELINE;JET_FUEL_PIPELINE;0.134;0.001;0;55;1;0;1;0;0;
Storage;Electricity storage;SUV_ELEC_PRIVATE_BATT;SUV_ELEC_PRIVATE_BATT;0;0;0;1;1;0;1;0;0;
Storage;Electricity storage;MOTORCYCLE_ELEC_PRIVATE_BATT;MOTORCYCLE_ELEC_PRIVATE_BATT;0;0;0;1;1;0;1;0;0;
Storage;Electricity storage;BUS_ELEC_PUBLIC_BATT;BUS_ELEC_PUBLIC_BATT;0;0;0;1;1;0;1;0;0;
